-- =============================================================================
-- ARENA 開発・テスト用シードデータ
-- Supabase SQL Editor（service_role）で実行してください
-- =============================================================================
--
-- 含まれるデータ:
--   ・テストユーザー 5名（プロフィール付き）
--   ・ラウンド 3件（open / reviewing / published 各1件）
--   ・動画 12本（r1:5本 / r2:4本 / r3:3本）
--   ・視聴者投票 28件（r1:完全投票 / r2:部分投票）
--   ・クリエイター評価 28件（r1:完全評価 / r2:部分評価）
--   ・スコア計算済みデータ（r1 publishedラウンド）
--   ・バッジ付与済みデータ（r1）
--
-- テストアカウント（全員共通パスワード: Arena#Test2025）:
--   yamada@arena-test.com  山田 太郎  rank:1 / バッジ6個
--   suzuki@arena-test.com  鈴木 花子  rank:2
--   tanaka@arena-test.com  田中 健二  rank:3
--   ito@arena-test.com     伊藤 美咲  rank:4
--   sato@arena-test.com    佐藤 龍   rank:5
-- =============================================================================

BEGIN;

-- ============================================================
-- 0. スキーマ移行（Cloudflare Stream → Supabase Storage）
--    旧カラム名が残っている場合のみ実行（冪等）
-- ============================================================
DO $$
BEGIN
  -- cloudflare_video_id → storage_path
  IF EXISTS (
    SELECT 1 FROM information_schema.columns
    WHERE table_schema = 'public' AND table_name = 'videos'
      AND column_name = 'cloudflare_video_id'
  ) THEN
    ALTER TABLE videos RENAME COLUMN cloudflare_video_id TO storage_path;
    RAISE NOTICE 'Migrated: cloudflare_video_id → storage_path';
  END IF;

  -- cloudflare_thumbnail_url → thumbnail_path
  IF EXISTS (
    SELECT 1 FROM information_schema.columns
    WHERE table_schema = 'public' AND table_name = 'videos'
      AND column_name = 'cloudflare_thumbnail_url'
  ) THEN
    ALTER TABLE videos RENAME COLUMN cloudflare_thumbnail_url TO thumbnail_path;
    RAISE NOTICE 'Migrated: cloudflare_thumbnail_url → thumbnail_path';
  END IF;
END $$;

-- ============================================================
-- 1. クリーンアップ（冪等実行サポート）
-- ============================================================
-- ラウンドを削除 → videos / viewer_votes / creator_evaluations が CASCADE削除
DELETE FROM rounds
WHERE id IN (
  '00000002-0000-0000-0000-000000000001',
  '00000002-0000-0000-0000-000000000002',
  '00000002-0000-0000-0000-000000000003'
);

-- ユーザー削除 → profiles / user_badges が CASCADE削除
DELETE FROM auth.users
WHERE id IN (
  '00000001-0000-0000-0000-000000000001',
  '00000001-0000-0000-0000-000000000002',
  '00000001-0000-0000-0000-000000000003',
  '00000001-0000-0000-0000-000000000004',
  '00000001-0000-0000-0000-000000000005'
);

-- ============================================================
-- 2. テストユーザー（auth.users）
--    パスワード: Arena#Test2025
--    ※ 挿入と同時に handle_new_user トリガーが profiles を自動作成します
-- ============================================================
INSERT INTO auth.users (
  id, aud, role, email,
  encrypted_password,
  email_confirmed_at,
  raw_app_meta_data,
  raw_user_meta_data,
  is_super_admin, is_sso_user, is_anonymous,
  created_at, updated_at,
  confirmation_token, recovery_token,
  email_change_token_new, email_change
) VALUES
  (
    '00000001-0000-0000-0000-000000000001',
    'authenticated', 'authenticated', 'yamada@arena-test.com',
    crypt('Arena#Test2025', gen_salt('bf')),
    '2025-10-01 00:00:00+00',
    '{"provider":"email","providers":["email"]}',
    '{"username":"yamada_taro","display_name":"山田 太郎"}',
    false, false, false,
    '2025-10-01 00:00:00+00', '2025-10-01 00:00:00+00',
    '', '', '', ''
  ),
  (
    '00000001-0000-0000-0000-000000000002',
    'authenticated', 'authenticated', 'suzuki@arena-test.com',
    crypt('Arena#Test2025', gen_salt('bf')),
    '2025-10-02 00:00:00+00',
    '{"provider":"email","providers":["email"]}',
    '{"username":"suzuki_hanako","display_name":"鈴木 花子"}',
    false, false, false,
    '2025-10-02 00:00:00+00', '2025-10-02 00:00:00+00',
    '', '', '', ''
  ),
  (
    '00000001-0000-0000-0000-000000000003',
    'authenticated', 'authenticated', 'tanaka@arena-test.com',
    crypt('Arena#Test2025', gen_salt('bf')),
    '2025-10-03 00:00:00+00',
    '{"provider":"email","providers":["email"]}',
    '{"username":"tanaka_kenji","display_name":"田中 健二"}',
    false, false, false,
    '2025-10-03 00:00:00+00', '2025-10-03 00:00:00+00',
    '', '', '', ''
  ),
  (
    '00000001-0000-0000-0000-000000000004',
    'authenticated', 'authenticated', 'ito@arena-test.com',
    crypt('Arena#Test2025', gen_salt('bf')),
    '2025-10-04 00:00:00+00',
    '{"provider":"email","providers":["email"]}',
    '{"username":"ito_misaki","display_name":"伊藤 美咲"}',
    false, false, false,
    '2025-10-04 00:00:00+00', '2025-10-04 00:00:00+00',
    '', '', '', ''
  ),
  (
    '00000001-0000-0000-0000-000000000005',
    'authenticated', 'authenticated', 'sato@arena-test.com',
    crypt('Arena#Test2025', gen_salt('bf')),
    '2025-10-05 00:00:00+00',
    '{"provider":"email","providers":["email"]}',
    '{"username":"sato_ryu","display_name":"佐藤 龍"}',
    false, false, false,
    '2025-10-05 00:00:00+00', '2025-10-05 00:00:00+00',
    '', '', '', ''
  );

-- ============================================================
-- 3. プロフィール（handle_new_user トリガー作成分を上書き）
-- ============================================================
INSERT INTO profiles (id, username, display_name, bio, theme_color)
VALUES
  (
    '00000001-0000-0000-0000-000000000001',
    'yamada_taro', '山田 太郎',
    '映像クリエイター。日常の断片を切り取り、記憶の重さを映像で表現します。',
    'orange'
  ),
  (
    '00000001-0000-0000-0000-000000000002',
    'suzuki_hanako', '鈴木 花子',
    'ダンス×映像。体で語る感情表現を追求するムーバー兼ディレクター。',
    'purple'
  ),
  (
    '00000001-0000-0000-0000-000000000003',
    'tanaka_kenji', '田中 健二',
    'ドキュメンタリー系クリエイター。リアルな瞬間にしか宿らない何かを追いかけています。',
    'teal'
  ),
  (
    '00000001-0000-0000-0000-000000000004',
    'ito_misaki', '伊藤 美咲',
    'アニメーション作家。手描きの温もりとデジタルの精度を融合させた作品を制作中。',
    'orange'
  ),
  (
    '00000001-0000-0000-0000-000000000005',
    'sato_ryu', '佐藤 龍',
    'ミュージックビデオ専門。音と映像の境界線で遊んでいます。',
    'gray'
  )
ON CONFLICT (id) DO UPDATE SET
  username     = EXCLUDED.username,
  display_name = EXCLUDED.display_name,
  bio          = EXCLUDED.bio,
  theme_color  = EXCLUDED.theme_color;

-- ============================================================
-- 4. ラウンドデータ
-- ============================================================
INSERT INTO rounds (
  id, title, theme, description,
  status, is_competition,
  submission_start, submission_end,
  review_start, review_end,
  published_at
) VALUES
  -- ① published（コンペ回・スコア計算＆バッジ付与済み）
  (
    '00000002-0000-0000-0000-000000000001',
    'ARENA Vol.1「記憶」',
    '記憶',
    '「記憶」をテーマに、あなたの中に眠る一場面を映像化してください。忘れたくても忘れられない記憶、もう戻れない時間——その重さと温かさを作品に込めてください。',
    'published', true,
    '2025-11-01 00:00:00+00', '2025-11-30 23:59:59+00',
    '2025-12-01 00:00:00+00', '2025-12-20 23:59:59+00',
    '2025-12-25 12:00:00+00'
  ),
  -- ② reviewing（評価期間中・スコア未確定）
  (
    '00000002-0000-0000-0000-000000000002',
    'ARENA Vol.2「夜明け」',
    '夜明け',
    '夜と朝の狭間に存在する特別な時間——「夜明け」をテーマに作品を制作してください。始まりの予感、終わりへの祈り、あるいはその両方を。',
    'reviewing', false,
    '2026-02-01 00:00:00+00', '2026-02-28 23:59:59+00',
    '2026-03-01 00:00:00+00', '2026-04-15 23:59:59+00',
    NULL
  ),
  -- ③ open（募集中・投稿受付中）
  (
    '00000002-0000-0000-0000-000000000003',
    'ARENA Vol.3「孤独」',
    '孤独',
    '「孤独」は孤立ではない——ひとりで向き合う時間、その静けさの中にある豊かさを映像で表現してください。都市の孤独でも、自然の中の孤独でも、あなたが感じる孤独を。',
    'open', false,
    '2026-03-25 00:00:00+00', '2026-04-30 23:59:59+00',
    '2026-05-01 00:00:00+00', '2026-05-31 23:59:59+00',
    NULL
  );

-- ============================================================
-- 5. 動画データ（メタデータのみ・実ファイル不要）
-- ============================================================

-- ── Vol.1「記憶」5作品 ──────────────────────────────────────────
INSERT INTO videos (id, round_id, creator_id, title, storage_path, thumbnail_path, duration_seconds)
VALUES
  (
    '00000003-0001-0000-0000-000000000001',
    '00000002-0000-0000-0000-000000000001',
    '00000001-0000-0000-0000-000000000001',
    '記憶のフラグメント',
    'videos/vol01/yamada_fragment.mp4',
    'thumbnails/vol01/yamada_fragment.jpg',
    185
  ),
  (
    '00000003-0001-0000-0000-000000000002',
    '00000002-0000-0000-0000-000000000001',
    '00000001-0000-0000-0000-000000000002',
    '夕暮れの記憶',
    'videos/vol01/suzuki_dusk.mp4',
    'thumbnails/vol01/suzuki_dusk.jpg',
    142
  ),
  (
    '00000003-0001-0000-0000-000000000003',
    '00000002-0000-0000-0000-000000000001',
    '00000001-0000-0000-0000-000000000003',
    '忘れたい夜',
    'videos/vol01/tanaka_night.mp4',
    'thumbnails/vol01/tanaka_night.jpg',
    213
  ),
  (
    '00000003-0001-0000-0000-000000000004',
    '00000002-0000-0000-0000-000000000001',
    '00000001-0000-0000-0000-000000000004',
    '祖父の笑顔',
    'videos/vol01/ito_grandfather.mp4',
    'thumbnails/vol01/ito_grandfather.jpg',
    97
  ),
  (
    '00000003-0001-0000-0000-000000000005',
    '00000002-0000-0000-0000-000000000001',
    '00000001-0000-0000-0000-000000000005',
    'サウンドスケープ・メモリー',
    'videos/vol01/sato_soundscape.mp4',
    'thumbnails/vol01/sato_soundscape.jpg',
    278
  );

-- ── Vol.2「夜明け」4作品 ──────────────────────────────────────────
INSERT INTO videos (id, round_id, creator_id, title, storage_path, thumbnail_path, duration_seconds)
VALUES
  (
    '00000003-0002-0000-0000-000000000001',
    '00000002-0000-0000-0000-000000000002',
    '00000001-0000-0000-0000-000000000001',
    '夜明けの光',
    'videos/vol02/yamada_light.mp4',
    'thumbnails/vol02/yamada_light.jpg',
    168
  ),
  (
    '00000003-0002-0000-0000-000000000002',
    '00000002-0000-0000-0000-000000000002',
    '00000001-0000-0000-0000-000000000002',
    '夜が明ける前に',
    'videos/vol02/suzuki_before_dawn.mp4',
    'thumbnails/vol02/suzuki_before_dawn.jpg',
    204
  ),
  (
    '00000003-0002-0000-0000-000000000003',
    '00000002-0000-0000-0000-000000000002',
    '00000001-0000-0000-0000-000000000003',
    '夜明けのダンス',
    'videos/vol02/tanaka_dance.mp4',
    'thumbnails/vol02/tanaka_dance.jpg',
    156
  ),
  (
    '00000003-0002-0000-0000-000000000004',
    '00000002-0000-0000-0000-000000000002',
    '00000001-0000-0000-0000-000000000004',
    'ドーン',
    'videos/vol02/ito_dawn.mp4',
    'thumbnails/vol02/ito_dawn.jpg',
    89
  );

-- ── Vol.3「孤独」3作品（投稿開始直後）────────────────────────────
INSERT INTO videos (id, round_id, creator_id, title, storage_path, thumbnail_path, duration_seconds)
VALUES
  (
    '00000003-0003-0000-0000-000000000001',
    '00000002-0000-0000-0000-000000000003',
    '00000001-0000-0000-0000-000000000001',
    '孤独な週末',
    'videos/vol03/yamada_solitude.mp4',
    'thumbnails/vol03/yamada_solitude.jpg',
    231
  ),
  (
    '00000003-0003-0000-0000-000000000002',
    '00000002-0000-0000-0000-000000000003',
    '00000001-0000-0000-0000-000000000002',
    '孤独という名の自由',
    'videos/vol03/suzuki_freedom.mp4',
    'thumbnails/vol03/suzuki_freedom.jpg',
    167
  ),
  (
    '00000003-0003-0000-0000-000000000003',
    '00000002-0000-0000-0000-000000000003',
    '00000001-0000-0000-0000-000000000003',
    '独り言',
    'videos/vol03/tanaka_monologue.mp4',
    'thumbnails/vol03/tanaka_monologue.jpg',
    118
  );

-- ============================================================
-- 6. 視聴者投票データ
--    ※ trg_update_vote_counts トリガーが votes_good/touched/shook/total を自動更新
-- ============================================================

-- ── Vol.1「記憶」全投票（各動画に他の4ユーザーが投票）──────────────
-- 動画①「記憶のフラグメント」(u1作): good=0, touched=1, shook=3
--   → avg=(0+2+9)/4=2.75 → viewer_score=(2.75-1)/2*100 = 87.50
INSERT INTO viewer_votes (id, video_id, voter_id, vote_type) VALUES
  (gen_random_uuid(), '00000003-0001-0000-0000-000000000001', '00000001-0000-0000-0000-000000000002', 'touched'),
  (gen_random_uuid(), '00000003-0001-0000-0000-000000000001', '00000001-0000-0000-0000-000000000003', 'shook'),
  (gen_random_uuid(), '00000003-0001-0000-0000-000000000001', '00000001-0000-0000-0000-000000000004', 'shook'),
  (gen_random_uuid(), '00000003-0001-0000-0000-000000000001', '00000001-0000-0000-0000-000000000005', 'shook');

-- 動画②「夕暮れの記憶」(u2作): good=0, touched=3, shook=1
--   → avg=(0+6+3)/4=2.25 → viewer_score=(2.25-1)/2*100 = 62.50
INSERT INTO viewer_votes (id, video_id, voter_id, vote_type) VALUES
  (gen_random_uuid(), '00000003-0001-0000-0000-000000000002', '00000001-0000-0000-0000-000000000001', 'touched'),
  (gen_random_uuid(), '00000003-0001-0000-0000-000000000002', '00000001-0000-0000-0000-000000000003', 'touched'),
  (gen_random_uuid(), '00000003-0001-0000-0000-000000000002', '00000001-0000-0000-0000-000000000004', 'touched'),
  (gen_random_uuid(), '00000003-0001-0000-0000-000000000002', '00000001-0000-0000-0000-000000000005', 'shook');

-- 動画③「忘れたい夜」(u3作): good=1, touched=2, shook=1
--   → avg=(1+4+3)/4=2.00 → viewer_score=(2.00-1)/2*100 = 50.00
INSERT INTO viewer_votes (id, video_id, voter_id, vote_type) VALUES
  (gen_random_uuid(), '00000003-0001-0000-0000-000000000003', '00000001-0000-0000-0000-000000000001', 'touched'),
  (gen_random_uuid(), '00000003-0001-0000-0000-000000000003', '00000001-0000-0000-0000-000000000002', 'good'),
  (gen_random_uuid(), '00000003-0001-0000-0000-000000000003', '00000001-0000-0000-0000-000000000004', 'touched'),
  (gen_random_uuid(), '00000003-0001-0000-0000-000000000003', '00000001-0000-0000-0000-000000000005', 'shook');

-- 動画④「祖父の笑顔」(u4作): good=2, touched=2, shook=0
--   → avg=(2+4+0)/4=1.50 → viewer_score=(1.50-1)/2*100 = 25.00
INSERT INTO viewer_votes (id, video_id, voter_id, vote_type) VALUES
  (gen_random_uuid(), '00000003-0001-0000-0000-000000000004', '00000001-0000-0000-0000-000000000001', 'good'),
  (gen_random_uuid(), '00000003-0001-0000-0000-000000000004', '00000001-0000-0000-0000-000000000002', 'touched'),
  (gen_random_uuid(), '00000003-0001-0000-0000-000000000004', '00000001-0000-0000-0000-000000000003', 'good'),
  (gen_random_uuid(), '00000003-0001-0000-0000-000000000004', '00000001-0000-0000-0000-000000000005', 'touched');

-- 動画⑤「サウンドスケープ・メモリー」(u5作): good=4, touched=0, shook=0
--   → avg=(4+0+0)/4=1.00 → viewer_score=(1.00-1)/2*100 = 0.00
INSERT INTO viewer_votes (id, video_id, voter_id, vote_type) VALUES
  (gen_random_uuid(), '00000003-0001-0000-0000-000000000005', '00000001-0000-0000-0000-000000000001', 'good'),
  (gen_random_uuid(), '00000003-0001-0000-0000-000000000005', '00000001-0000-0000-0000-000000000002', 'good'),
  (gen_random_uuid(), '00000003-0001-0000-0000-000000000005', '00000001-0000-0000-0000-000000000003', 'good'),
  (gen_random_uuid(), '00000003-0001-0000-0000-000000000005', '00000001-0000-0000-0000-000000000004', 'good');

-- ── Vol.2「夜明け」部分投票（評価期間中・一部のみ）──────────────────
INSERT INTO viewer_votes (id, video_id, voter_id, vote_type) VALUES
  (gen_random_uuid(), '00000003-0002-0000-0000-000000000001', '00000001-0000-0000-0000-000000000002', 'shook'),
  (gen_random_uuid(), '00000003-0002-0000-0000-000000000001', '00000001-0000-0000-0000-000000000003', 'touched'),
  (gen_random_uuid(), '00000003-0002-0000-0000-000000000002', '00000001-0000-0000-0000-000000000001', 'touched'),
  (gen_random_uuid(), '00000003-0002-0000-0000-000000000002', '00000001-0000-0000-0000-000000000004', 'shook'),
  (gen_random_uuid(), '00000003-0002-0000-0000-000000000003', '00000001-0000-0000-0000-000000000002', 'good'),
  (gen_random_uuid(), '00000003-0002-0000-0000-000000000003', '00000001-0000-0000-0000-000000000005', 'touched'),
  (gen_random_uuid(), '00000003-0002-0000-0000-000000000004', '00000001-0000-0000-0000-000000000001', 'touched'),
  (gen_random_uuid(), '00000003-0002-0000-0000-000000000004', '00000001-0000-0000-0000-000000000003', 'shook');

-- Vol.3「孤独」は投稿開始直後のためまだ投票なし

-- ============================================================
-- 7. クリエイター評価データ
--    カラム: attraction / transmission / completion / originality / afterglow (各1〜5)
-- ============================================================

-- ── Vol.1「記憶」完全評価（各動画を他の4クリエイターが評価）────────────

-- 動画①「記憶のフラグメント」(u1作) ← u2, u3, u4, u5 が評価
--   各項目avg: attraction=4.50, transmission=4.25, completion=4.50, originality=4.75, afterglow=4.50
--   総合avg=4.50 → creator_score=(4.50-1)/4*100 = 87.50
INSERT INTO creator_evaluations
  (id, video_id, evaluator_id, attraction, transmission, completion, originality, afterglow, comment)
VALUES
  (gen_random_uuid(),
   '00000003-0001-0000-0000-000000000001',
   '00000001-0000-0000-0000-000000000002',
   5, 4, 5, 5, 4,
   '映像の質感が素晴らしい。記憶の断片が重なっていく編集が秀逸でした。'),
  (gen_random_uuid(),
   '00000003-0001-0000-0000-000000000001',
   '00000001-0000-0000-0000-000000000003',
   4, 5, 4, 5, 5,
   '伝わるものの密度が高い。最後のカットで鳥肌が立ちました。'),
  (gen_random_uuid(),
   '00000003-0001-0000-0000-000000000001',
   '00000001-0000-0000-0000-000000000004',
   4, 4, 5, 4, 4,
   NULL),
  (gen_random_uuid(),
   '00000003-0001-0000-0000-000000000001',
   '00000001-0000-0000-0000-000000000005',
   5, 4, 4, 5, 5,
   '音楽と映像のシンクロが完璧。この独自性は他の追随を許さない。');

-- 動画②「夕暮れの記憶」(u2作) ← u1, u3, u4, u5 が評価
--   総合avg=3.60 → creator_score=(3.60-1)/4*100 = 65.00
INSERT INTO creator_evaluations
  (id, video_id, evaluator_id, attraction, transmission, completion, originality, afterglow, comment)
VALUES
  (gen_random_uuid(),
   '00000003-0001-0000-0000-000000000002',
   '00000001-0000-0000-0000-000000000001',
   4, 3, 4, 4, 3,
   '情感豊かな作品。もう少し独自の視点があるとさらに良かった。'),
  (gen_random_uuid(),
   '00000003-0001-0000-0000-000000000002',
   '00000001-0000-0000-0000-000000000003',
   3, 4, 3, 4, 4,
   NULL),
  (gen_random_uuid(),
   '00000003-0001-0000-0000-000000000002',
   '00000001-0000-0000-0000-000000000004',
   4, 4, 4, 3, 3,
   '夕暮れの色彩表現が美しい。完成度の高い作品でした。'),
  (gen_random_uuid(),
   '00000003-0001-0000-0000-000000000002',
   '00000001-0000-0000-0000-000000000005',
   3, 3, 4, 4, 4,
   NULL);

-- 動画③「忘れたい夜」(u3作) ← u1, u2, u4, u5 が評価
--   総合avg=3.30 → creator_score=(3.30-1)/4*100 = 57.50
INSERT INTO creator_evaluations
  (id, video_id, evaluator_id, attraction, transmission, completion, originality, afterglow, comment)
VALUES
  (gen_random_uuid(),
   '00000003-0001-0000-0000-000000000003',
   '00000001-0000-0000-0000-000000000001',
   3, 3, 4, 3, 4,
   'テーマの解釈は面白い。もう一歩踏み込んでほしかった。'),
  (gen_random_uuid(),
   '00000003-0001-0000-0000-000000000003',
   '00000001-0000-0000-0000-000000000002',
   4, 3, 3, 3, 3,
   NULL),
  (gen_random_uuid(),
   '00000003-0001-0000-0000-000000000003',
   '00000001-0000-0000-0000-000000000004',
   3, 4, 3, 4, 3,
   NULL),
  (gen_random_uuid(),
   '00000003-0001-0000-0000-000000000003',
   '00000001-0000-0000-0000-000000000005',
   3, 3, 4, 3, 3,
   NULL);

-- 動画④「祖父の笑顔」(u4作) ← u1, u2, u3, u5 が評価
--   総合avg=2.65 → creator_score=(2.65-1)/4*100 = 41.25
INSERT INTO creator_evaluations
  (id, video_id, evaluator_id, attraction, transmission, completion, originality, afterglow, comment)
VALUES
  (gen_random_uuid(),
   '00000003-0001-0000-0000-000000000004',
   '00000001-0000-0000-0000-000000000001',
   3, 2, 3, 3, 2,
   '素材のリアリティはあるが、映像としての設計がもう少し必要かも。'),
  (gen_random_uuid(),
   '00000003-0001-0000-0000-000000000004',
   '00000001-0000-0000-0000-000000000002',
   2, 3, 3, 2, 3,
   NULL),
  (gen_random_uuid(),
   '00000003-0001-0000-0000-000000000004',
   '00000001-0000-0000-0000-000000000003',
   3, 3, 2, 3, 2,
   NULL),
  (gen_random_uuid(),
   '00000003-0001-0000-0000-000000000004',
   '00000001-0000-0000-0000-000000000005',
   2, 3, 3, 3, 3,
   NULL);

-- 動画⑤「サウンドスケープ・メモリー」(u5作) ← u1, u2, u3, u4 が評価
--   総合avg=2.25 → creator_score=(2.25-1)/4*100 = 31.25
INSERT INTO creator_evaluations
  (id, video_id, evaluator_id, attraction, transmission, completion, originality, afterglow, comment)
VALUES
  (gen_random_uuid(),
   '00000003-0001-0000-0000-000000000005',
   '00000001-0000-0000-0000-000000000001',
   2, 2, 3, 2, 2,
   NULL),
  (gen_random_uuid(),
   '00000003-0001-0000-0000-000000000005',
   '00000001-0000-0000-0000-000000000002',
   3, 2, 2, 2, 2,
   'コンセプトはわかるが、映像としての引力がもう少し欲しい。'),
  (gen_random_uuid(),
   '00000003-0001-0000-0000-000000000005',
   '00000001-0000-0000-0000-000000000003',
   2, 3, 2, 3, 2,
   NULL),
  (gen_random_uuid(),
   '00000003-0001-0000-0000-000000000005',
   '00000001-0000-0000-0000-000000000004',
   2, 2, 2, 2, 3,
   NULL);

-- ── Vol.2「夜明け」部分評価（評価期間中・各動画に2名が評価済み）─────────
INSERT INTO creator_evaluations
  (id, video_id, evaluator_id, attraction, transmission, completion, originality, afterglow, comment)
VALUES
  (gen_random_uuid(),
   '00000003-0002-0000-0000-000000000001',
   '00000001-0000-0000-0000-000000000002',
   4, 4, 5, 4, 4,
   '光の使い方が印象的。完成度が高い。'),
  (gen_random_uuid(),
   '00000003-0002-0000-0000-000000000001',
   '00000001-0000-0000-0000-000000000003',
   4, 3, 4, 4, 5,
   NULL),
  (gen_random_uuid(),
   '00000003-0002-0000-0000-000000000002',
   '00000001-0000-0000-0000-000000000001',
   3, 4, 4, 3, 4,
   NULL),
  (gen_random_uuid(),
   '00000003-0002-0000-0000-000000000002',
   '00000001-0000-0000-0000-000000000004',
   4, 3, 3, 4, 3,
   NULL),
  (gen_random_uuid(),
   '00000003-0002-0000-0000-000000000003',
   '00000001-0000-0000-0000-000000000002',
   3, 3, 4, 3, 4,
   'ダンス×夜明けのシチュエーションが見事にマッチしている。'),
  (gen_random_uuid(),
   '00000003-0002-0000-0000-000000000003',
   '00000001-0000-0000-0000-000000000005',
   4, 3, 3, 4, 3,
   NULL),
  (gen_random_uuid(),
   '00000003-0002-0000-0000-000000000004',
   '00000001-0000-0000-0000-000000000001',
   3, 4, 3, 3, 3,
   NULL),
  (gen_random_uuid(),
   '00000003-0002-0000-0000-000000000004',
   '00000001-0000-0000-0000-000000000003',
   4, 3, 4, 3, 3,
   NULL);

-- ============================================================
-- 8. スコア更新（Vol.1「記憶」publishedラウンドのみ）
-- ============================================================
-- スコア計算式（schema.sql の calculate_viewer_score 準拠）:
--   avg_score    = (good*1 + touched*2 + shook*3) / total_votes
--   viewer_score = ROUND((avg_score - 1.0) / 2.0 * 100.0, 2)
--
-- creator_score の計算式:
--   item_avg     = 全評価の(attraction+transmission+completion+originality+afterglow)合計
--                  / (評価者数 * 5項目)
--   creator_score = ROUND((item_avg - 1.0) / 4.0 * 100.0, 2)
--
-- base_score = final_score = ROUND((viewer_score + creator_score) / 2.0, 2)

UPDATE videos SET
  viewer_score  = 87.50,  -- (0*1+1*2+3*3)/4=2.75 → (2.75-1)/2×100
  creator_score = 87.50,  -- 合計90/20項目=4.50 → (4.50-1)/4×100
  base_score    = 87.50,
  final_score   = 87.50,
  rank          = 1
WHERE id = '00000003-0001-0000-0000-000000000001';  -- 記憶のフラグメント (山田)

UPDATE videos SET
  viewer_score  = 62.50,  -- (0*1+3*2+1*3)/4=2.25 → (2.25-1)/2×100
  creator_score = 65.00,  -- 合計72/20項目=3.60 → (3.60-1)/4×100
  base_score    = 63.75,
  final_score   = 63.75,
  rank          = 2
WHERE id = '00000003-0001-0000-0000-000000000002';  -- 夕暮れの記憶 (鈴木)

UPDATE videos SET
  viewer_score  = 50.00,  -- (1*1+2*2+1*3)/4=2.00 → (2.00-1)/2×100
  creator_score = 57.50,  -- 合計66/20項目=3.30 → (3.30-1)/4×100
  base_score    = 53.75,
  final_score   = 53.75,
  rank          = 3
WHERE id = '00000003-0001-0000-0000-000000000003';  -- 忘れたい夜 (田中)

UPDATE videos SET
  viewer_score  = 25.00,  -- (2*1+2*2+0*3)/4=1.50 → (1.50-1)/2×100
  creator_score = 41.25,  -- 合計53/20項目=2.65 → (2.65-1)/4×100
  base_score    = 33.13,
  final_score   = 33.13,
  rank          = 4
WHERE id = '00000003-0001-0000-0000-000000000004';  -- 祖父の笑顔 (伊藤)

UPDATE videos SET
  viewer_score  =  0.00,  -- (4*1+0*2+0*3)/4=1.00 → (1.00-1)/2×100
  creator_score = 31.25,  -- 合計45/20項目=2.25 → (2.25-1)/4×100
  base_score    = 15.63,
  final_score   = 15.63,
  rank          = 5
WHERE id = '00000003-0001-0000-0000-000000000005';  -- サウンドスケープ・メモリー (佐藤)

-- ============================================================
-- 9. バッジ付与（Vol.1「記憶」publishedラウンド）
-- ============================================================
-- バッジ付与根拠:
--   山田: rank=1（コンペ優勝）/ final_score=87.50≥80（初の80点超え）
--         attractionトップ avg=4.50（引力の帝王）
--         originalityトップ avg=4.75（独自性の鬼）
--         afterglowトップ   avg=4.50（余韻の王）
--         初投稿（初陣）
--   鈴木〜佐藤: 全員初投稿（初陣）

INSERT INTO user_badges (id, user_id, badge_id, video_id, awarded_at)
SELECT
  gen_random_uuid(),
  t.user_id::UUID,
  b.id,
  t.video_id::UUID,
  '2025-12-25 12:00:00+00'
FROM (
  VALUES
    ('00000001-0000-0000-0000-000000000001', '初陣',         '00000003-0001-0000-0000-000000000001'),
    ('00000001-0000-0000-0000-000000000001', '初の80点超え', '00000003-0001-0000-0000-000000000001'),
    ('00000001-0000-0000-0000-000000000001', '引力の帝王',   '00000003-0001-0000-0000-000000000001'),
    ('00000001-0000-0000-0000-000000000001', '独自性の鬼',   '00000003-0001-0000-0000-000000000001'),
    ('00000001-0000-0000-0000-000000000001', '余韻の王',     '00000003-0001-0000-0000-000000000001'),
    ('00000001-0000-0000-0000-000000000001', 'コンペ優勝',   '00000003-0001-0000-0000-000000000001'),
    ('00000001-0000-0000-0000-000000000002', '初陣',         '00000003-0001-0000-0000-000000000002'),
    ('00000001-0000-0000-0000-000000000003', '初陣',         '00000003-0001-0000-0000-000000000003'),
    ('00000001-0000-0000-0000-000000000004', '初陣',         '00000003-0001-0000-0000-000000000004'),
    ('00000001-0000-0000-0000-000000000005', '初陣',         '00000003-0001-0000-0000-000000000005')
) AS t(user_id, badge_name, video_id)
JOIN badges b ON b.name = t.badge_name
ON CONFLICT (user_id, badge_id) DO NOTHING;

COMMIT;

-- =============================================================================
-- ✅ シードデータ挿入完了
-- =============================================================================
-- データ概要:
--   ユーザー      : 5名
--   ラウンド      : 3件（published×1 / reviewing×1 / open×1）
--   動画          : 12本（Vol.1:5本 / Vol.2:4本 / Vol.3:3本）
--   視聴者投票    : 28件（Vol.1:20件 / Vol.2:8件）
--   クリエイター評価: 28件（Vol.1:20件 / Vol.2:8件）
--   バッジ付与    : 10件（山田:6 / 鈴木:1 / 田中:1 / 伊藤:1 / 佐藤:1）
--
-- Vol.1 スコアサマリー:
--   1位 山田 太郎「記憶のフラグメント」 final=87.50
--   2位 鈴木 花子「夕暮れの記憶」       final=63.75
--   3位 田中 健二「忘れたい夜」         final=53.75
--   4位 伊藤 美咲「祖父の笑顔」         final=33.13
--   5位 佐藤 龍 「サウンドスケープ・メモリー」 final=15.63
-- =============================================================================
